sttime,Actual Traffic,Predicted Traffic
2024-08-29 16:21:00,0.0018658524764951,0.07296048015988414
2024-08-29 16:22:00,0.0087719298245614,0.11562112290394504
2024-08-29 16:23:00,0.0113889696617233,0.02683326063778221
2024-08-29 16:24:00,0.0018658524764951,0.005018719104390784
2024-08-29 16:25:00,0.01735000484637,0.05049802510419698
2024-08-29 16:26:00,0.0113889696617233,0.04325954734903553
2024-08-29 16:27:00,0.0068818454977222,0.00733148262576328
2024-08-29 16:28:00,0.0018658524764951,0.02244475138121549
2024-08-29 16:29:00,0.0113889696617233,0.01904490161868747
2024-08-29 16:30:00,0.2264224096151982,0.1461548294077739
2024-08-29 16:31:00,0.0018658524764951,0.0112583599883687
2024-08-29 16:32:00,0.008166133565959,0.013640532616070502
2024-08-29 16:33:00,0.0018658524764951,0.00224071920131821
2024-08-29 16:34:00,0.0062033536880876,0.007214791121449999
2024-08-29 16:35:00,0.0063729766404962,0.007603348841717507
2024-08-29 16:36:00,0.0018658524764951,0.0021062324319084964
2024-08-29 16:37:00,0.0113889696617233,0.020210494006655567
2024-08-29 16:38:00,0.0003877096055054,0.03266174760104684
2024-08-29 16:39:00,0.0062760492391198,0.023741942909760533
2024-08-29 16:40:00,0.0014781428709896,0.01685022293302318
2024-08-29 16:41:00,0.0014781428709896,0.022779837485056978
2024-08-29 16:42:00,0.0018658524764951,0.041718765144906494
2024-08-29 16:43:00,0.0361539207133856,0.07586406372536036
2024-08-29 16:44:00,0.0336580401279441,0.02420713385674127
2024-08-29 16:45:00,0.0014781428709896,0.007610860715324177
2024-08-29 16:46:00,0.0018658524764951,0.007421367645633423
2024-08-29 16:47:00,0.0018658524764951,0.02619947659203258
2024-08-29 16:48:00,0.0018658524764951,0.024386461018330734
2024-08-29 16:49:00,0.0139817776485412,0.01310766245970222
2024-08-29 16:50:00,0.0018658524764951,0.0027122710090142473
2024-08-29 16:51:00,0.2968159348647863,0.19831188814577874
2024-08-29 16:52:00,0.0098623630900455,0.012809380149268157
2024-08-29 16:53:00,0.0413153048366773,0.04769542987302516
2024-08-29 16:54:00,0.0334641853251914,0.04287716875060571
2024-08-29 16:55:00,0.0018658524764951,0.013521978288262097
2024-08-29 16:56:00,0.0059125714839585,0.01297458078898904
2024-08-29 16:57:00,0.1067170689153823,0.09954256324512929
2024-08-29 16:58:00,0.0018658524764951,0.003420810313075485
2024-08-29 16:59:00,0.0018658524764951,0.010246801395754568
2024-08-29 17:00:00,0.8236042454201803,0.5457336192691686
2024-08-29 17:01:00,0.0042890375109043,0.0035899486284772368
2024-08-29 17:02:00,0.0014781428709896,0.010828123485509338
2024-08-29 17:03:00,0.0018658524764951,0.005443442861296875
2024-08-29 17:04:00,0.0247164873509741,0.022355345950050086
2024-08-29 17:05:00,0.0059125714839585,0.0070402006397208335
2024-08-29 17:06:00,0.0018658524764951,0.0037416400116312676
2024-08-29 17:07:00,0.0059125714839585,0.013039461568285312
2024-08-29 17:08:00,0.0086265387224968,0.011052219637491478
2024-08-29 17:09:00,0.0018658524764951,0.0050147814287098925
2024-08-29 17:10:00,0.006566831443249,0.00993651255209846
2024-08-29 17:11:00,0.0042890375109043,0.027245868469516318
2024-08-29 17:12:00,0.0055490937287971,0.009856149639753165
2024-08-29 17:13:00,0.0001696229524086,0.020688548027527245
2024-08-29 17:14:00,0.2347581661335659,0.1630038205550712
2024-08-29 17:15:00,0.0091354075797227,0.0204140011631287
2024-08-29 17:16:00,0.0003877096055054,0.006104608897935381
2024-08-29 17:17:00,0.0038528642047106,0.028807792963070643
2024-08-29 17:18:00,0.0007027236599786,0.028613392943685114
2024-08-29 17:19:00,0.00894155277697,0.00994959775128427
2024-08-29 17:20:00,0.0007027236599786,0.003597945139090748
2024-08-29 17:21:00,0.0062760492391198,0.007807986817873356
2024-08-29 17:22:00,0.0016235339730541,0.004914219249781864
2024-08-29 17:23:00,0.0217117379083066,0.015648153533003736
2024-08-29 17:24:00,0.0189735388194242,0.015148258537688529
2024-08-29 17:25:00,0.0018658524764951,0.00815942942069722
2024-08-29 17:26:00,0.0018658524764951,0.011864398565474485
2024-08-29 17:27:00,0.0062760492391198,0.011551686536783875
2024-08-29 17:28:00,0.0063002810894639,0.004354353628679355
2024-08-29 17:29:00,0.0018658524764951,0.0022893982962316687
2024-08-29 17:30:00,0.0099350586410778,0.026260136990727333
2024-08-29 17:31:00,0.0014781428709896,0.01167775273819907
2024-08-29 17:32:00,0.0334641853251914,0.031003804400503977
2024-08-29 17:33:00,0.0334641853251914,0.02436585247649509
2024-08-29 17:34:00,0.0115828244644761,0.015265096442764317
2024-08-29 17:35:00,0.0018658524764951,0.010372201221285276
2024-08-29 17:36:00,0.0001696229524086,0.02881057962586013
2024-08-29 17:37:00,0.0078511195114858,0.01878210720170581
2024-08-29 17:38:00,0.0018658524764951,0.004262140157022371
2024-08-29 17:39:00,0.2367209460114374,0.1544102775354596
2024-08-29 17:40:00,0.0018658524764951,0.0038201512067461167
2024-08-29 17:41:00,0.0067849180963458,0.00730032955316464
2024-08-29 17:42:00,0.0018658524764951,0.006882027236599788
2024-08-29 17:43:00,0.0016235339730541,0.0063228025750378955
2024-08-29 17:44:00,0.0018658524764951,0.019395173015411472
2024-08-29 17:45:00,0.0018658524764951,0.0023057880204836096
2024-08-29 17:46:00,0.0018658524764951,0.003724012516625102
2024-08-29 17:47:00,0.0018658524764951,0.01310766245970222
2024-08-29 17:48:00,0.0018900843268391,0.01310766245970222
2024-08-29 17:49:00,0.0018658524764951,0.006260728599428188
2024-08-29 17:50:00,0.0038528642047106,0.007059835023344772
2024-08-29 17:51:00,0.0038528642047106,0.0047394069312322725
2024-08-29 17:52:00,0.0018658524764951,0.003373868603368448
2024-08-29 17:53:00,0.0109285645051856,0.00789135447966138
2024-08-29 17:54:00,0.0,0.001902058899550892
2024-08-29 17:55:00,0.0018658524764951,0.015495016316112586
2024-08-29 17:56:00,0.0,0.028252156634680625
2024-08-29 17:57:00,0.0830183192788601,0.027610533344949274
2024-08-29 17:58:00,0.0287632063584375,0.03774498400697876
2024-08-29 17:59:00,0.0,0.008512164388872727
2024-08-29 18:00:00,0.0086023068721527,0.04473987108655602
2024-08-29 18:01:00,0.0,0.009062481826112228
2024-08-29 18:03:00,0.0018658524764951,0.022011082032890737
2024-08-29 18:04:00,0.0128186488320248,0.014200227779393204
2024-08-29 18:05:00,0.0018658524764951,0.004716971987980978
2024-08-29 18:06:00,0.0148541242609285,0.030781364091628613
2024-08-29 18:07:00,0.0,0.006144833769506633
2024-08-29 18:08:00,0.0148298924105844,0.011768803915866934
2024-08-29 18:09:00,0.0,0.0041567316080255755
2024-08-29 18:10:00,0.0005573325579141,0.0365529183225098
2024-08-29 18:11:00,0.0,0.01750884462537557
2024-08-29 18:12:00,0.0018658524764951,0.02190086778871674
2024-08-29 18:13:00,0.0,0.013279134761397044
2024-08-29 18:14:00,0.0018658524764951,0.027610533344949274
2024-08-29 18:15:00,0.0018658524764951,0.0019818321702045174
2024-08-29 18:16:00,0.0042890375109043,0.009829234610257417
2024-08-29 18:17:00,0.0091354075797227,0.008581659316338692
2024-08-29 18:18:00,0.0437142580207424,0.02930284966560039
2024-08-29 18:19:00,0.1039425220509838,0.08322326015314532
2024-08-29 18:20:00,0.0,0.006935882523989518
2024-08-29 18:21:00,0.0018658524764951,0.05490416303188916
2024-08-29 18:22:00,0.0,0.10661230856838229
2024-08-29 18:23:00,0.0018658524764951,0.027610533344949274
2024-08-29 18:24:00,0.0018658524764951,0.0019818321702045174
2024-08-29 18:25:00,0.0018658524764951,0.009829234610257417
2024-08-29 18:26:00,0.0059125714839585,0.01310766245970222
2024-08-29 18:27:00,0.0062760492391198,0.09117732978663648
2024-08-29 18:28:00,0.0048948337695066,0.0041254375195200685
2024-08-29 18:29:00,0.0018658524764951,0.03913564989822626
2024-08-29 18:30:00,0.0104681593486478,0.013108502148557348
2024-08-29 18:31:00,0.0,0.005572750072695542
2024-08-29 18:32:00,0.0,0.010978562889728932
2024-08-29 18:33:00,0.0018658524764951,0.015257887467287028
2024-08-29 18:34:00,0.0320102743045458,0.023500464443798247
2024-08-29 18:35:00,0.0,0.0016230493360472908
2024-08-29 18:36:00,0.043084229911796,0.07091923524280322
2024-08-29 18:37:00,0.0,0.00991470388678878
2024-08-29 18:38:00,0.708781622564699,0.4320404227650162
2024-08-29 18:39:00,0.0048948337695066,0.015805709023941003
2024-08-29 18:40:00,0.0018658524764951,0.040306835804982094
2024-08-29 18:41:00,0.0018658524764951,0.0025088446253755912
2024-08-29 18:42:00,0.0259038480178346,0.019259683508956536
2024-08-29 18:43:00,0.0018658524764951,0.002312930115343608
2024-08-29 18:44:00,0.0014781428709896,0.0057967432393137095
2024-08-29 18:45:00,0.0,0.05173930163807306
2024-08-29 18:46:00,0.0068091499466899,0.008301662304933548
2024-08-29 18:47:00,0.0,0.0026284288068236677
2024-08-29 18:48:00,0.0980662983425414,0.07376949452360167
2024-08-29 18:49:00,0.0018658524764951,0.006467723175341672
2024-08-29 18:50:00,0.0,0.062027297179412605
2024-08-29 18:51:00,0.0,0.028907931084617616
2024-08-29 18:52:00,0.0014781428709896,0.026340417110917266
2024-08-29 18:53:00,0.0,0.1613559076097242
2024-08-29 18:54:00,0.0072453232528835,0.0145824704102182
2024-08-29 18:55:00,0.0088446253755936,0.007577784239604479
2024-08-29 18:56:00,0.0,0.014213070660075575
2024-08-29 18:57:00,0.0018658524764951,0.014911129688863054
2024-08-29 18:58:00,0.0115343607637879,0.012841669089851666
2024-08-29 18:59:00,0.0118978385189493,0.011263812154696084
2024-08-29 19:00:00,0.0018658524764951,0.003116821750508855
2024-08-29 19:01:00,0.0,0.013081200930503037
2024-08-29 19:03:00,0.0018658524764951,0.00445623727827854
2024-08-29 19:04:00,0.0018658524764951,0.0019818321702045174
2024-08-29 19:05:00,0.0,0.009829234610257417
2024-08-29 19:06:00,0.0099350586410778,0.011967255702562043
2024-08-29 19:07:00,0.0018658524764951,0.006709678201027425
2024-08-29 19:08:00,0.0011873606668605,0.02971080065495234
2024-08-29 19:09:00,0.0101531452941746,0.017811500436173303
2024-08-29 19:10:00,0.0074876417563245,0.025880827760007722
2024-08-29 19:11:00,0.0018658524764951,0.012161844528448212
2024-08-29 19:12:00,0.0018658524764951,0.006321847436270227
2024-08-29 19:13:00,0.0,0.003722133372104276
2024-08-29 19:14:00,0.012891344383057,0.011967255702562043
2024-08-29 19:15:00,0.0092807986817873,0.017276703499079192
2024-08-29 19:16:00,0.0,0.01178194969467867
2024-08-29 19:17:00,0.0012842880682368,0.009240089173209232
2024-08-29 19:18:00,0.0018658524764951,0.007426052470033244
2024-08-29 19:19:00,0.0018658524764951,0.0072627585019177775
2024-08-29 19:20:00,0.0018658524764951,0.010180100727570942
2024-08-29 19:21:00,0.0122613162741106,0.01310766245970222
2024-08-29 19:22:00,0.0062760492391198,0.008563172433846996
2024-08-29 19:23:00,0.0007027236599786,0.002103195373331975
2024-08-29 19:24:00,0.0062760492391198,0.02302304448967711
2024-08-29 19:25:00,0.0018658524764951,0.0056857007851119365
2024-08-29 19:26:00,0.0018658524764951,0.007884248489547966
2024-08-29 19:27:00,0.7053164679654939,0.32996920535685453
2024-08-29 19:28:00,0.0018658524764951,0.002642119802268093
2024-08-29 19:29:00,0.0123340118251429,0.043699718910535895
2024-08-29 19:30:00,0.0018658524764951,0.005361781525637267
2024-08-29 19:31:00,0.0018658524764951,0.0027101443756721087
2024-08-29 19:32:00,0.0007027236599786,0.002577784239604486
2024-08-29 19:33:00,0.0,0.004121780914071533
2024-08-29 19:34:00,0.0018658524764951,0.008744421435483549
2024-08-29 19:35:00,0.0144179509547349,0.027196018115894862
2024-08-29 19:36:00,0.0014781428709896,0.003405907725113855
2024-08-29 19:37:00,0.0061064262867112,0.04861751235824368
2024-08-29 19:38:00,0.0,0.011209411650673634
2024-08-29 19:39:00,0.1549142192497819,0.10405949121191585
2024-08-29 19:40:00,0.0,0.00606002229330231
2024-08-29 19:41:00,0.0018658524764951,0.12015266065716787
2024-08-29 19:43:00,0.0115828244644761,0.006072144276436927
2024-08-29 19:45:00,0.0136182998933798,0.011962658718619689
2024-08-29 19:46:00,0.0,0.002512479402927194
2024-08-29 19:47:00,0.0122613162741106,0.02910075603373063
2024-08-29 19:48:00,0.0018658524764951,0.011885359116022103
2024-08-29 19:49:00,0.0018658524764951,0.11741558229136373
2024-08-29 19:50:00,0.0018658524764951,0.004092517204613716
2024-08-29 19:51:00,0.0092323349810991,0.01310766245970222
2024-08-29 19:52:00,0.0,0.004328535426965183
2024-08-29 19:53:00,0.0,0.001468369358017505
2024-08-29 19:54:00,0.0,0.008424626829504693
2024-08-29 19:55:00,0.0117282155665406,0.1400428563351292
2024-08-29 19:56:00,0.0094988853348841,0.010899365125520935
2024-08-29 19:57:00,0.013666763594068,0.019240452650964458
2024-08-29 19:58:00,0.0018658524764951,0.007361375642144052
2024-08-29 19:59:00,0.0,0.010017870989628759
2024-08-29 20:00:00,0.0153872249684985,0.010699573519433894
2024-08-29 20:01:00,0.1549142192497819,0.12237048075991108
2024-08-29 20:02:00,0.0,0.00537571483958514
2024-08-29 20:04:00,0.0018658524764951,0.024731329359309894
2024-08-29 20:05:00,0.0014781428709896,0.006072144276436927
2024-08-29 20:06:00,0.8255670252980518,0.6284163517968504
2024-08-29 20:07:00,0.0,0.012593595521954059
2024-08-29 20:08:00,0.0,0.049772947562275835
2024-08-29 20:09:00,0.0179315692546282,0.02184501308519915
2024-08-29 20:10:00,0.0093777260831637,0.011806787341281356
2024-08-29 20:11:00,0.0,0.002215881554715505
2024-08-29 20:12:00,0.0124794029272075,0.020336398662401826
2024-08-29 20:13:00,0.008166133565959,0.0063394155277696354
2024-08-29 20:14:00,0.0007027236599786,0.02808822816710278
2024-08-29 20:15:00,0.0001696229524086,0.013628780168653588
2024-08-29 20:16:00,0.0018658524764951,0.03914376756809155
2024-08-29 20:17:00,0.0018658524764951,0.004153904628593732
2024-08-29 20:18:00,0.0125763303285838,0.022462312208404774
2024-08-29 20:19:00,0.0125278666278957,0.009694194048657527
2024-08-29 20:20:00,0.0018658524764951,0.017379446544538154
2024-08-29 20:21:00,0.5697513812154696,0.3772419307938346
2024-08-29 20:22:00,0.0104196956479596,0.08205001453911011
2024-08-29 20:23:00,0.0062760492391198,0.05270415333914886
2024-08-29 20:24:00,0.0014781428709896,0.017185591741785442
2024-08-29 20:25:00,0.0391586701560531,0.06382978336725798
2024-08-29 20:26:00,0.0101289134438305,0.018836992342735285
2024-08-29 20:27:00,0.0018658524764951,0.005419392749830354
2024-08-29 20:28:00,0.0018658524764951,0.009532446447610756
2024-08-29 20:29:00,0.0018658524764951,0.011277503150140594
2024-08-29 20:30:00,0.0062760492391198,0.01310766245970222
2024-08-29 20:31:00,0.0018658524764951,0.004354353628679355
2024-08-29 20:32:00,0.0068091499466899,0.023709217555475493
2024-08-29 20:33:00,0.0783536880876223,0.08546282834157201
2024-08-29 20:34:00,0.0008238829116991,0.0016211107880197374
2024-08-29 20:35:00,0.0008238829116991,0.005880888339633581
2024-08-29 20:36:00,0.0008238829116991,0.003153169526024971
2024-08-29 20:37:00,0.0094988853348841,0.004769940081522161
2024-08-29 20:38:00,0.0008238829116991,0.0008667732868081459
2024-08-29 20:39:00,0.0754337501211592,0.035380032147588024
2024-08-29 20:40:00,0.0127944169816807,0.012152878743820861
2024-08-29 20:41:00,0.0032470679461083,0.005688790346030767
2024-08-29 20:42:00,0.0007027236599786,0.034179327808471396
2024-08-29 20:43:00,0.0007027236599786,0.0032418580982843132
2024-08-29 20:44:00,0.0008238829116991,0.03148174460510882
2024-08-29 20:45:00,0.0008238829116991,0.002767204842826891
2024-08-29 20:46:00,0.0106620141514006,0.008790431844309636
2024-08-29 20:47:00,0.0062760492391198,0.009874963652224438
2024-08-29 20:48:00,0.0060337307356789,0.00548325579141217
2024-08-29 20:49:00,0.0018658524764951,0.022001914316177193
2024-08-29 20:50:00,0.0062760492391198,0.008395043778876243
2024-08-29 20:51:00,0.0120189977706697,0.01275925656683137
2024-08-29 20:52:00,0.0008238829116991,0.002525201124357832
2024-08-29 20:53:00,0.0008238829116991,0.006878453038673996
2024-08-29 20:54:00,0.0123340118251429,0.01108339391295914
2024-08-29 20:55:00,0.0008238829116991,0.0010170107589415186
2024-08-29 20:56:00,0.0008238829116991,0.0015451439371910118
2024-08-29 20:57:00,0.0014781428709896,0.004029629495008201
2024-08-29 20:58:00,0.0103470000969274,0.005012614608488167
2024-08-29 20:59:00,0.0345546185906755,0.031913044005040206
2024-08-29 21:00:00,0.032325288359019,0.02419816807211388
2024-08-29 21:01:00,0.0020354754289037,0.02224035572356301
2024-08-29 21:02:00,0.0008238829116991,0.005162111078801945
2024-08-29 21:03:00,0.0008238829116991,0.016145681884268584
2024-08-29 21:04:00,0.0008238829116991,0.01538831134392052
2024-08-29 21:05:00,0.0008238829116991,0.004769940081522161
2024-08-29 21:06:00,0.0008238829116991,0.004769940081522161
2024-08-29 21:07:00,0.0008238829116991,0.004769940081522161
2024-08-29 21:08:00,0.0008238829116991,0.004769940081522161
2024-08-29 21:09:00,0.0008238829116991,0.004769940081522161
2024-08-29 21:10:00,0.0008238829116991,0.004769940081522161
2024-08-29 21:11:00,0.0059125714839585,0.004769940081522161
2024-08-29 21:12:00,0.0038528642047106,0.0037398872411230134
2024-08-29 21:13:00,0.0018658524764951,0.006292562812417754
2024-08-29 21:14:00,0.0018658524764951,0.0035715627120286764
2024-08-29 21:16:00,0.0008238829116991,0.0034793795314506915
2024-08-29 21:17:00,0.0008238829116991,0.0008319702917514437
2024-08-29 21:18:00,0.0008238829116991,0.04580635460862176
2024-08-29 21:19:00,0.0008238829116991,0.004769940081522161
2024-08-29 21:20:00,0.0018658524764951,0.004769940081522161
2024-08-29 21:21:00,0.0018658524764951,0.0022427253071689774
2024-08-29 21:22:00,0.0008238829116991,0.20948365319769155
2024-08-29 21:23:00,0.0008238829116991,0.0008319702917514437
2024-08-29 21:24:00,0.0008238829116991,0.04580635460862176
2024-08-29 21:25:00,0.0004725210817097,0.004769940081522161
2024-08-29 21:26:00,0.0100562178927982,0.007481256340071135
2024-08-29 21:27:00,0.0100562178927982,0.00849798875642134
2024-08-29 21:29:00,0.0299263351749539,0.023065086750024135
2024-08-29 21:30:00,0.0200397402345643,0.025387830764757157
2024-08-29 21:31:00,0.2521566346806242,0.15402816144874135
2024-08-29 21:32:00,0.0008238829116991,0.06833539304061265
2024-08-29 21:33:00,0.0123340118251429,0.014830982843849878
2024-08-29 21:34:00,0.0008238829116991,0.0027555248618784146
2024-08-29 21:35:00,0.0008238829116991,0.0015451439371910118
2024-08-29 21:36:00,0.0008238829116991,0.004029629495008201
2024-08-29 21:38:00,0.0090627120286905,0.004769940081522161
2024-08-29 21:39:00,0.0360812251623533,0.027201827081515816
2024-08-29 21:40:00,0.0053067752253562,0.009285342153726821
2024-08-29 21:41:00,0.0018658524764951,0.009280919841039077
2024-08-29 21:42:00,0.0038044005040224,0.005277575845691516
2024-08-29 21:43:00,0.0059125714839585,0.009817120206132256
2024-08-29 21:44:00,0.0143937191043908,0.03415249406319658
2024-08-29 21:45:00,0.0018658524764951,0.0048487932538528395
2024-08-29 21:46:00,0.0018658524764951,0.030779780944072903
2024-08-29 21:47:00,0.0114132015120674,0.008809731511098134
2024-08-29 21:48:00,0.0219055927110594,0.01758299408742841
2024-08-29 21:49:00,0.0138121546961325,0.010960914025394907
2024-08-29 21:50:00,0.0131094310361539,0.03090536250848103
2024-08-29 21:51:00,0.0014781428709896,0.02968011938224925
2024-08-29 21:52:00,0.0008238829116991,0.011157918968692383
2024-08-29 21:53:00,0.0082872928176795,0.0066910802558882996
2024-08-29 21:54:00,0.0008238829116991,0.026098874026687237
2024-08-29 21:55:00,0.0008238829116991,0.001093462246777129
2024-08-29 21:56:00,0.0096200445866046,0.02320838179703396
2024-08-29 21:57:00,0.0018658524764951,0.0019722302995056566
2024-08-29 21:58:00,0.0058398759329262,0.006541812057768686
2024-08-29 21:59:00,0.0148056605602403,0.026083054667054274
2024-08-29 22:00:00,0.0048948337695066,0.005623243190850018
2024-08-29 22:01:00,0.0008238829116991,0.014446544538140878
2024-08-29 22:02:00,0.0018658524764951,0.0027907822041290916
2024-08-29 22:03:00,0.0008238829116991,0.005359954040257142
2024-08-29 22:04:00,0.0007027236599786,0.009330831931820043
2024-08-29 22:05:00,0.0008238829116991,0.0181842466762205
2024-08-29 22:06:00,0.0014781428709896,0.0015144968093313946
2024-08-29 22:07:00,0.0018658524764951,0.0029843984385457094
2024-08-29 22:08:00,0.0008238829116991,0.04143112989848772
2024-08-29 22:09:00,0.0008238829116991,0.003496849390768374
2024-08-29 22:10:00,0.0018658524764951,0.04580635460862176
2024-08-29 22:11:00,0.0008238829116991,0.0022427253071689774
2024-08-29 22:12:00,0.0008238829116991,0.009330831931820043
2024-08-29 22:13:00,0.0107589415527769,0.04580635460862176
2024-08-29 22:14:00,0.00894155277697,0.011015678007172585
2024-08-29 22:15:00,0.0062760492391198,0.011004167878259094
2024-08-29 22:16:00,0.00947465348454,0.013898541242609166
2024-08-29 22:17:00,0.0008238829116991,0.03078953426383626
2024-08-29 22:18:00,0.0008238829116991,0.006415087557752537
2024-08-29 22:19:00,0.0008238829116991,0.001080861684598201
2024-08-29 22:20:00,0.0008238829116991,0.004769940081522161
2024-08-29 22:21:00,0.0144179509547349,0.004769940081522161
2024-08-29 22:22:00,0.0311136958418144,0.02137091693321692
2024-08-29 22:23:00,0.0007027236599786,0.03452257196859547
2024-08-29 22:24:00,0.0157264708733158,0.012520960550547569
2024-08-29 22:25:00,0.0007027236599786,0.015965033439953397
2024-08-29 22:26:00,0.0008238829116991,0.0024959108752543925
2024-08-29 22:27:00,0.0008238829116991,0.009860606280895575
2024-08-29 22:28:00,0.0008238829116991,0.008790431844309636
2024-08-29 22:29:00,0.0018658524764951,0.004769940081522161
2024-08-29 22:30:00,0.0018658524764951,0.0022427253071689774
2024-08-29 22:31:00,0.0502568576136473,0.20948365319769155
2024-08-29 22:32:00,0.0008238829116991,0.004376029853639579
2024-08-29 22:33:00,0.0008238829116991,0.0038229681593486098
2024-08-29 22:34:00,0.0008238829116991,0.005925717262770147
2024-08-29 22:35:00,0.0008238829116991,0.004769940081522161
2024-08-29 22:36:00,0.0062760492391198,0.004769940081522161
2024-08-29 22:37:00,0.0083842202190559,0.001998026205644665
2024-08-29 22:38:00,0.0007027236599786,0.023721460265150224
2024-08-29 22:39:00,0.0007027236599786,0.0075694242512357466
2024-08-29 22:40:00,0.4242512358243676,0.2655921052631571
2024-08-29 22:41:00,0.0018658524764951,0.007032507027236591
2024-08-29 22:42:00,0.0008238829116991,0.022543072113986543
2024-08-29 22:43:00,0.0008238829116991,0.0023697538044004716
2024-08-29 22:44:00,0.0008238829116991,0.04580635460862176
2024-08-29 22:45:00,0.0008238829116991,0.004769940081522161
2024-08-29 22:46:00,0.0087719298245614,0.004769940081522161
2024-08-29 22:47:00,0.3743093922651934,0.23165418726373968
2024-08-29 22:48:00,0.0435325191431617,0.03206970291751481
2024-08-29 22:49:00,0.0008238829116991,0.04019300668799059
2024-08-29 22:50:00,0.0008238829116991,0.04960556605602401
2024-08-29 22:51:00,0.0008238829116991,0.00731947271493648
2024-08-29 22:52:00,0.0008238829116991,0.004769940081522161
2024-08-29 22:53:00,0.0008238829116991,0.004769940081522161
2024-08-29 22:54:00,0.0062760492391198,0.004769940081522161
2024-08-29 22:55:00,0.0008238829116991,0.001998026205644665
2024-08-29 22:56:00,0.0018658524764951,0.003942738096461899
2024-08-29 22:57:00,0.0008238829116991,0.023704041266841048
2024-08-29 22:58:00,0.0008238829116991,0.009330831931820043
2024-08-29 22:59:00,0.0018658524764951,0.04580635460862176
2024-08-29 23:00:00,0.0008238829116991,0.0022427253071689774
2024-08-29 23:01:00,0.0018658524764951,0.009330831931820043
2024-08-29 23:02:00,0.0008238829116991,0.00100854374656712
2024-08-29 23:03:00,0.0018658524764951,0.009330831931820043
2024-08-29 23:04:00,0.0008238829116991,0.00100854374656712
2024-08-29 23:05:00,0.0008238829116991,0.009330831931820043
2024-08-29 23:06:00,0.0008238829116991,0.04580635460862176
2024-08-29 23:07:00,0.0008238829116991,0.004769940081522161
2024-08-29 23:08:00,0.0008238829116991,0.004769940081522161
2024-08-29 23:09:00,0.0008238829116991,0.004769940081522161
2024-08-29 23:10:00,0.0095231171852282,0.004769940081522161
2024-08-29 23:11:00,0.0008238829116991,0.0008667732868081459
2024-08-29 23:12:00,0.0008238829116991,0.014633874915188454
2024-08-29 23:13:00,0.0111951148589706,0.007718450130851972
2024-08-29 23:14:00,0.0008238829116991,0.0013037947077638497
2024-08-29 23:15:00,0.0083842202190559,0.007267010758941504
2024-08-29 23:16:00,0.0018658524764951,0.01913104584666086
2024-08-29 23:17:00,0.0008238829116991,0.004151599648291966
2024-08-29 23:18:00,0.0298778714742657,0.03623655132305901
2024-08-29 23:19:00,0.0008238829116991,0.00400637297664046
2024-08-29 23:20:00,0.0062760492391198,0.015569569642337801
2024-08-29 23:21:00,0.0008238829116991,0.006507099932150778
2024-08-29 23:22:00,0.0099350586410778,0.003942738096461899
2024-08-29 23:23:00,0.0018658524764951,0.0020332339827469153
2024-08-29 23:24:00,0.0008238829116991,0.0027073337695065996
2024-08-29 23:25:00,0.0008238829116991,0.0031062808956091497
2024-08-29 23:26:00,0.849253659009402,0.04580635460862176
2024-08-29 23:27:00,0.0018658524764951,0.0534200833575652
2024-08-29 23:28:00,0.0008238829116991,0.02034724241543076
2024-08-29 23:29:00,0.0179315692546282,0.1601237035960067
2024-08-29 23:30:00,0.0008238829116991,0.005676674420858745
2024-08-29 23:31:00,0.0094988853348841,0.007780725986236236
2024-08-29 23:32:00,0.0008238829116991,0.00899413589221669
2024-08-29 23:33:00,0.0008238829116991,0.035380032147588024
2024-08-29 23:34:00,0.0008238829116991,0.0018705776873121696
2024-08-29 23:35:00,0.0014781428709896,0.004769940081522161
2024-08-29 23:36:00,0.0008238829116991,0.005012614608488167
2024-08-29 23:37:00,0.0008238829116991,0.0029721592349390507
2024-08-29 23:38:00,0.0162595715808859,0.0119932177126788
2024-08-29 23:39:00,0.0008238829116991,0.004569157700881984
2024-08-29 23:40:00,0.0008238829116991,0.0025665164291944847
2024-08-29 23:41:00,0.0018658524764951,0.0019476349714064032
2024-08-29 23:42:00,0.0018658524764951,0.0022427253071689774
2024-08-29 23:43:00,0.0008238829116991,0.20948365319769155
2024-08-29 23:44:00,0.0008238829116991,0.0008319702917514437
2024-08-29 23:45:00,0.0008238829116991,0.04580635460862176
2024-08-29 23:47:00,0.0008238829116991,0.004769940081522161
2024-08-29 23:48:00,0.0008238829116991,0.004769940081522161
2024-08-29 23:49:00,0.0478336725792381,0.004769940081522161
2024-08-29 23:50:00,0.0008238829116991,0.001965687699912725
2024-08-29 23:51:00,0.0018658524764951,0.0036503465154598975
2024-08-29 23:52:00,0.0127217214306484,0.011315910632935886
2024-08-29 23:53:00,0.0008238829116991,0.0035174651061354706
2024-08-29 23:54:00,0.0008238829116991,0.003206116119026817
2024-08-29 23:55:00,0.0127459532809925,0.009708721042938838
2024-08-29 23:56:00,0.0008238829116991,0.0010453620238441055
2024-08-29 23:57:00,0.0018658524764951,0.005631239701463575
2024-08-29 23:58:00,0.0125036347775516,0.013915503537850118
2024-08-29 23:59:00,0.0008238829116991,0.003981505040224839
2024-08-30 00:00:00,0.0008238829116991,0.013668217505088603
2024-08-30 00:01:00,0.0018658524764951,0.00824858849471746
2024-08-30 00:02:00,0.0149510516623049,0.0022427253071689774
2024-08-30 00:03:00,0.0018658524764951,0.014384844189202288
2024-08-30 00:04:00,0.0008238829116991,0.010519167393622145
2024-08-30 00:05:00,0.0008238829116991,0.013893816031792102
2024-08-30 00:06:00,0.0008238829116991,0.04580635460862176
2024-08-30 00:07:00,0.0018658524764951,0.004769940081522161
2024-08-30 00:08:00,0.0008238829116991,0.0022427253071689774
2024-08-30 00:09:00,0.0008238829116991,0.009330831931820043
2024-08-30 00:10:00,0.0008238829116991,0.04580635460862176
2024-08-30 00:11:00,0.0008238829116991,0.004769940081522161
2024-08-30 00:12:00,0.0008238829116991,0.004769940081522161
2024-08-30 00:13:00,0.0104681593486478,0.004769940081522161
2024-08-30 00:14:00,0.0363720073664825,0.027348187457594285
2024-08-30 00:15:00,0.0008238829116991,0.005657834157216205
2024-08-30 00:16:00,0.0008238829116991,0.009288916351652578
2024-08-30 00:17:00,0.0008238829116991,0.007050620335368773
2024-08-30 00:18:00,0.0008238829116991,0.004769940081522161
2024-08-30 00:19:00,0.0008238829116991,0.004769940081522161
2024-08-30 00:20:00,0.0008238829116991,0.004769940081522161
2024-08-30 00:21:00,0.0008238829116991,0.004769940081522161
2024-08-30 00:22:00,0.0008238829116991,0.004769940081522161
2024-08-30 00:23:00,0.0008238829116991,0.004769940081522161
2024-08-30 00:24:00,0.0008238829116991,0.004769940081522161
2024-08-30 00:25:00,0.0008238829116991,0.004769940081522161
2024-08-30 00:26:00,0.0008238829116991,0.004769940081522161
2024-08-30 00:27:00,0.0008238829116991,0.004769940081522161
2024-08-30 00:28:00,0.0008238829116991,0.004769940081522161
2024-08-30 00:29:00,0.0008238829116991,0.004769940081522161
2024-08-30 00:30:00,0.0068818454977222,0.004769940081522161
2024-08-30 00:31:00,0.0008238829116991,0.003923005026378062
2024-08-30 00:32:00,0.0008238829116991,0.0023443951424196013
2024-08-30 00:33:00,0.0008238829116991,0.005014535936987919
2024-08-30 00:34:00,0.0094504216341959,0.004769940081522161
2024-08-30 00:35:00,0.0008238829116991,0.001034215372685823
2024-08-30 00:36:00,0.0008238829116991,0.00565355117766789
2024-08-30 00:37:00,0.0008238829116991,0.001080861684598201
2024-08-30 00:38:00,0.0008238829116991,0.004769940081522161
2024-08-30 00:39:00,0.0008238829116991,0.004769940081522161
2024-08-30 00:40:00,0.0008238829116991,0.004769940081522161
2024-08-30 00:41:00,0.0008238829116991,0.004769940081522161
2024-08-30 00:42:00,0.0008238829116991,0.004769940081522161
2024-08-30 00:43:00,0.0008238829116991,0.004769940081522161
2024-08-30 00:44:00,0.0008238829116991,0.004769940081522161
2024-08-30 00:45:00,0.0008238829116991,0.004769940081522161
2024-08-30 00:46:00,0.0008238829116991,0.004769940081522161
2024-08-30 00:47:00,0.0303382766308035,0.004769940081522161
2024-08-30 00:48:00,0.0082145972666472,0.006105941649704302
2024-08-30 00:49:00,0.0018658524764951,0.012391925947465363
2024-08-30 00:50:00,0.0008238829116991,0.014496280410972102
2024-08-30 00:51:00,0.0008238829116991,0.005828244644761035
2024-08-30 00:52:00,0.0008238829116991,0.04580635460862176
2024-08-30 00:53:00,0.0008238829116991,0.004769940081522161
2024-08-30 00:54:00,0.0008238829116991,0.004769940081522161
2024-08-30 00:55:00,0.0062760492391198,0.004769940081522161
2024-08-30 00:56:00,0.0008238829116991,0.001998026205644665
2024-08-30 00:57:00,0.0008238829116991,0.003942738096461899
2024-08-30 00:58:00,0.0008238829116991,0.00540026199245807
2024-08-30 00:59:00,0.0088203935252495,0.004769940081522161
2024-08-30 01:00:00,0.0062760492391198,0.06850719685955196
2024-08-30 01:01:00,0.0008238829116991,0.002528908597460466
2024-08-30 01:02:00,0.0008238829116991,0.00652918395939619
2024-08-30 01:03:00,0.0133275176892507,0.00540026199245807
2024-08-30 01:04:00,0.0008238829116991,0.0021933459338954755
2024-08-30 01:05:00,0.0008238829116991,0.004078826209169295
2024-08-30 01:06:00,0.0008238829116991,0.00361853009595809
2024-08-30 01:07:00,0.0008238829116991,0.004769940081522161
2024-08-30 01:08:00,0.0008238829116991,0.004769940081522161
2024-08-30 01:09:00,0.0008238829116991,0.004769940081522161
2024-08-30 01:10:00,0.0016235339730541,0.004769940081522161
2024-08-30 01:11:00,0.0008238829116991,0.0015653307243528852
2024-08-30 01:12:00,0.0008238829116991,0.0015901319365415867
2024-08-30 01:13:00,0.0008238829116991,0.0038419867346812897
2024-08-30 01:14:00,0.0008238829116991,0.004769940081522161
2024-08-30 01:15:00,0.0008238829116991,0.004769940081522161
2024-08-30 01:16:00,0.0008238829116991,0.004769940081522161
2024-08-30 01:17:00,0.0008238829116991,0.004769940081522161
2024-08-30 01:18:00,0.0100319860424542,0.004769940081522161
2024-08-30 01:19:00,0.0008238829116991,0.0030859261413201137
2024-08-30 01:20:00,0.0008238829116991,0.001943879034603044
2024-08-30 01:21:00,0.0008238829116991,0.001084859939904976
2024-08-30 01:22:00,0.0008238829116991,0.004769940081522161
2024-08-30 01:23:00,0.0008238829116991,0.004769940081522161
2024-08-30 01:24:00,0.070660075603373,0.004769940081522161
2024-08-30 01:25:00,0.0008238829116991,0.0017360909179024537
2024-08-30 01:26:00,0.0008238829116991,0.001611660366385545
2024-08-30 01:27:00,0.0008238829116991,0.0032026025007269206
2024-08-30 01:28:00,0.0008238829116991,0.004769940081522161
2024-08-30 01:29:00,0.0008238829116991,0.004769940081522161
2024-08-30 01:30:00,0.0008238829116991,0.004769940081522161
2024-08-30 01:31:00,0.0008238829116991,0.004769940081522161
2024-08-30 01:32:00,0.0008238829116991,0.004769940081522161
2024-08-30 01:33:00,0.0008238829116991,0.004769940081522161
2024-08-30 01:34:00,0.0008238829116991,0.004769940081522161
2024-08-30 01:35:00,0.0008238829116991,0.004769940081522161
2024-08-30 01:36:00,0.0018658524764951,0.004769940081522161
2024-08-30 01:37:00,0.0008238829116991,0.0022427253071689774
2024-08-30 01:38:00,0.0008238829116991,0.009330831931820043
2024-08-30 01:39:00,0.0008238829116991,0.04580635460862176
2024-08-30 01:40:00,0.2096782010274304,0.004769940081522161
2024-08-30 01:41:00,0.0066152951439371,0.00577451051662298
2024-08-30 01:42:00,0.0018658524764951,0.006319545410487532
2024-08-30 01:43:00,0.0008238829116991,0.01197804594358821
2024-08-30 01:44:00,0.0008238829116991,0.0017048318309585734
2024-08-30 01:45:00,0.0008238829116991,0.04580635460862176
2024-08-30 01:46:00,0.0062760492391198,0.004769940081522161
2024-08-30 01:47:00,0.0008238829116991,0.001998026205644665
2024-08-30 01:48:00,0.0008238829116991,0.003942738096461899
2024-08-30 01:49:00,0.0008238829116991,0.00540026199245807
2024-08-30 01:50:00,0.0018658524764951,0.004769940081522161
2024-08-30 01:51:00,0.0008238829116991,0.0022427253071689774
2024-08-30 01:52:00,0.0088203935252495,0.009330831931820043
2024-08-30 01:53:00,0.0008238829116991,0.006945211786371974
2024-08-30 01:54:00,0.0008238829116991,0.001147983910051336
2024-08-30 01:55:00,0.0158476301250363,0.011893476785887314
2024-08-30 01:56:00,0.0008238829116991,0.004936027915091542
2024-08-30 01:57:00,0.0062760492391198,0.004529659784821105
2024-08-30 01:58:00,0.0160899486284772,0.013104887564214318
2024-08-30 01:59:00,0.0009208103130755,0.00330746583309099
2024-08-30 02:00:00,0.0008238829116991,0.0070054885141028955
2024-08-30 02:01:00,0.0008238829116991,0.03390072210914014
2024-08-30 02:02:00,0.00947465348454,0.008220199574750873
2024-08-30 02:03:00,0.0008238829116991,0.0008950033924590132
2024-08-30 02:04:00,0.010516623049336,0.015486686617556762
2024-08-30 02:05:00,0.0008238829116991,0.004604293883880937
2024-08-30 02:06:00,0.0128671125327129,0.01613671609964126
2024-08-30 02:07:00,0.0008238829116991,0.004175874769797385
2024-08-30 02:08:00,0.0149268198119608,0.01074755258311521
2024-08-30 02:09:00,0.0107589415527769,0.010705873800523341
2024-08-30 02:10:00,0.0159203256760686,0.02278951003198606
2024-08-30 02:11:00,0.0014781428709896,0.005041194145584905
2024-08-30 02:12:00,0.2319715033439953,0.1486420471067172
2024-08-30 02:13:00,0.0008238829116991,0.0049884898710865185
2024-08-30 02:14:00,0.0169865270912086,0.012923391005137081
2024-08-30 02:15:00,0.0008238829116991,0.003511073955607213
2024-08-30 02:16:00,0.0008238829116991,0.0023816274110690676
2024-08-30 02:17:00,0.0008238829116991,0.0011315062518173602
2024-08-30 02:18:00,0.0008238829116991,0.004769940081522161
2024-08-30 02:19:00,0.0063002810894639,0.004769940081522161
2024-08-30 02:20:00,0.0008238829116991,0.001343885727209333
2024-08-30 02:21:00,0.0038528642047106,0.0038585138579958554
2024-08-30 02:22:00,0.0095958127362605,0.014288443830570876
2024-08-30 02:23:00,0.0008238829116991,0.0021017495395948115
2024-08-30 02:24:00,0.0008238829116991,0.006548435430196081
2024-08-30 02:25:00,0.0008238829116991,0.00371861975380437
2024-08-30 02:26:00,0.0018658524764951,0.004769940081522161
2024-08-30 02:27:00,0.0018658524764951,0.0022427253071689774
2024-08-30 02:28:00,0.0008238829116991,0.20948365319769155
2024-08-30 02:29:00,0.0008238829116991,0.0008319702917514437
2024-08-30 02:30:00,0.0008238829116991,0.04580635460862176
2024-08-30 02:31:00,0.003683241252302,0.004769940081522161
2024-08-30 02:32:00,0.011558592614132,0.00785002699517749
2024-08-30 02:33:00,0.0037074731026461,0.0038800038770960203
2024-08-30 02:34:00,0.0085538431714645,0.007882863235436586
2024-08-30 02:35:00,0.0008238829116991,0.016884874479015106
2024-08-30 02:36:00,0.0008238829116991,0.001003077444993664
2024-08-30 02:37:00,0.0008238829116991,0.009100029078220363
2024-08-30 02:38:00,0.0008238829116991,0.004769940081522161
2024-08-30 02:39:00,0.0008238829116991,0.004769940081522161
2024-08-30 02:40:00,0.0008238829116991,0.004769940081522161
2024-08-30 02:41:00,0.0008238829116991,0.004769940081522161
2024-08-30 02:42:00,0.0053067752253562,0.004769940081522161
2024-08-30 02:43:00,0.0018658524764951,0.002771910208301574
2024-08-30 02:44:00,0.0008238829116991,0.011687242344273787
2024-08-30 02:45:00,0.0008238829116991,0.0033998497625278307
2024-08-30 02:46:00,0.0038528642047106,0.04580635460862176
2024-08-30 02:47:00,0.0008238829116991,0.0036918414761312646
2024-08-30 02:48:00,0.0008238829116991,0.002311510701191202
2024-08-30 02:49:00,0.0008238829116991,0.0032804838322598572
2024-08-30 02:50:00,0.0008238829116991,0.004769940081522161
2024-08-30 02:51:00,0.0008238829116991,0.004769940081522161
2024-08-30 02:52:00,0.0008238829116991,0.004769940081522161
2024-08-30 02:53:00,0.0008238829116991,0.004769940081522161
2024-08-30 02:54:00,0.0062760492391198,0.004769940081522161
2024-08-30 02:55:00,0.0008238829116991,0.001998026205644665
2024-08-30 02:56:00,0.0008238829116991,0.003942738096461899
2024-08-30 02:57:00,0.0062760492391198,0.00540026199245807
2024-08-30 02:58:00,0.0008238829116991,0.001998026205644665
2024-08-30 02:59:00,0.0096685082872928,0.003942738096461899
2024-08-30 03:00:00,0.0018658524764951,0.012114228942522056
2024-08-30 03:01:00,0.0086023068721527,0.0077909639430066525
2024-08-30 03:02:00,0.0008238829116991,0.010691334690316889
2024-08-30 03:03:00,0.0008238829116991,0.0008716196568769636
2024-08-30 03:04:00,0.0111224193079383,0.009656876999127586
2024-08-30 03:05:00,0.0008238829116991,0.0013900600949888183
2024-08-30 03:06:00,0.0008238829116991,0.004605626635649867
2024-08-30 03:07:00,0.0018658524764951,0.0036754264805660343
2024-08-30 03:08:00,0.0008238829116991,0.0022427253071689774
2024-08-30 03:09:00,0.094286129688863,0.009330831931820043
2024-08-30 03:10:00,0.0018658524764951,0.004465272296763986
2024-08-30 03:11:00,0.0018658524764951,0.009916763594068055
2024-08-30 03:12:00,0.0008238829116991,0.09611084859939929
2024-08-30 03:14:00,0.0008238829116991,0.0008319702917514437
2024-08-30 03:15:00,0.0008238829116991,0.04580635460862176
2024-08-30 03:16:00,0.0016235339730541,0.004769940081522161
2024-08-30 03:17:00,0.0008238829116991,0.0015653307243528852
2024-08-30 03:18:00,0.0008238829116991,0.0015901319365415867
2024-08-30 03:19:00,0.0018658524764951,0.0038419867346812897
2024-08-30 03:20:00,0.0018658524764951,0.0022427253071689774
2024-08-30 03:21:00,0.8517858873703597,0.20948365319769155
2024-08-30 03:22:00,0.0018658524764951,0.0024548075991082663
2024-08-30 03:23:00,0.0086265387224968,0.007709968983231515
2024-08-30 03:24:00,0.0008238829116991,0.0320949646214984
2024-08-30 03:25:00,0.0008238829116991,0.0008716196568769636
2024-08-30 03:26:00,0.0053310070757003,0.006711616749054936
2024-08-30 03:27:00,0.0053794707763884,0.0042476298942567695
2024-08-30 03:28:00,0.0008238829116991,0.002648722981486833
2024-08-30 03:29:00,0.0008238829116991,0.005901545992051917
2024-08-30 03:30:00,0.0007027236599786,0.0028795468759374734
2024-08-30 03:31:00,0.0008238829116991,0.004804325703199073
2024-08-30 03:32:00,0.0008238829116991,0.0015144968093313946
2024-08-30 03:33:00,0.0158718619753804,0.008790431844309636
2024-08-30 03:34:00,0.0094504216341959,0.008095861199961168
2024-08-30 03:35:00,0.0114858970630997,0.011272959678201
2024-08-30 03:36:00,0.0008238829116991,0.01042429969952502
2024-08-30 03:37:00,0.0008238829116991,0.0037882459371263912
2024-08-30 03:38:00,0.0101046815934864,0.01802310506930298
2024-08-30 03:39:00,0.0008238829116991,0.004210768634292877
2024-08-30 03:40:00,0.0008238829116991,0.0020994475138121156
2024-08-30 03:41:00,0.0008238829116991,0.0262498788407481
2024-08-30 03:42:00,0.0008238829116991,0.004769940081522161
2024-08-30 03:43:00,0.0008238829116991,0.004769940081522161
2024-08-30 03:44:00,0.0008238829116991,0.004769940081522161
2024-08-30 03:45:00,0.0008238829116991,0.004769940081522161
2024-08-30 03:46:00,0.0008238829116991,0.004769940081522161
2024-08-30 03:47:00,0.0008238829116991,0.004769940081522161
2024-08-30 03:48:00,0.0008238829116991,0.004769940081522161
2024-08-30 03:49:00,0.0008238829116991,0.004769940081522161
2024-08-30 03:50:00,0.0008238829116991,0.004769940081522161
2024-08-30 03:51:00,0.0008238829116991,0.004769940081522161
2024-08-30 03:52:00,0.0008238829116991,0.004769940081522161
2024-08-30 03:53:00,0.0008238829116991,0.004769940081522161
2024-08-30 03:54:00,0.0008238829116991,0.004769940081522161
2024-08-30 03:55:00,0.0008238829116991,0.004769940081522161
2024-08-30 03:56:00,0.0008238829116991,0.004769940081522161
2024-08-30 03:57:00,0.0008238829116991,0.004769940081522161
2024-08-30 03:58:00,0.0008238829116991,0.004769940081522161
2024-08-30 03:59:00,0.0008238829116991,0.004769940081522161
2024-08-30 04:00:00,0.0008238829116991,0.004769940081522161
2024-08-30 04:01:00,0.0008238829116991,0.004769940081522161
2024-08-30 04:02:00,0.0008238829116991,0.004769940081522161
2024-08-30 04:03:00,0.0018658524764951,0.004769940081522161
2024-08-30 04:04:00,0.0008238829116991,0.0022427253071689774
2024-08-30 04:05:00,0.0008238829116991,0.009330831931820043
2024-08-30 04:06:00,0.0008238829116991,0.04580635460862176
2024-08-30 04:07:00,0.0018658524764951,0.004769940081522161
2024-08-30 04:08:00,0.0008238829116991,0.0022427253071689774
2024-08-30 04:09:00,0.0018658524764951,0.009330831931820043
2024-08-30 04:10:00,0.0008238829116991,0.00100854374656712
2024-08-30 04:11:00,0.0008238829116991,0.009330831931820043
2024-08-30 04:12:00,0.0008238829116991,0.04580635460862176
2024-08-30 04:13:00,0.0008238829116991,0.004769940081522161
2024-08-30 04:14:00,0.0018658524764951,0.004769940081522161
2024-08-30 04:15:00,0.0008238829116991,0.0022427253071689774
2024-08-30 04:16:00,0.0062760492391198,0.009330831931820043
2024-08-30 04:17:00,0.0008238829116991,0.001500677722544515
2024-08-30 04:18:00,0.0123824755258311,0.003942738096461899
2024-08-30 04:19:00,0.0008238829116991,0.005341608510225809
2024-08-30 04:20:00,0.0014781428709896,0.0015451439371910118
2024-08-30 04:21:00,0.0008238829116991,0.01058516889599688
2024-08-30 04:22:00,0.0014781428709896,0.0029721592349390507
2024-08-30 04:23:00,0.0096685082872928,0.026502915610850275
2024-08-30 04:24:00,0.0008238829116991,0.016788007657264695
2024-08-30 04:25:00,0.0008238829116991,0.013792759119252946
2024-08-30 04:26:00,0.0008238829116991,0.0036690656198507003
2024-08-30 04:27:00,0.0008238829116991,0.004769940081522161
2024-08-30 04:28:00,0.0008238829116991,0.004769940081522161
2024-08-30 04:29:00,0.0008238829116991,0.004769940081522161
2024-08-30 04:30:00,0.0008238829116991,0.004769940081522161
2024-08-30 04:31:00,0.0060337307356789,0.004769940081522161
2024-08-30 04:32:00,0.0008238829116991,0.0034442586669250863
2024-08-30 04:33:00,0.0008238829116991,0.004706473984643478
2024-08-30 04:34:00,0.0149510516623049,0.0055000180296505
2024-08-30 04:35:00,0.0008238829116991,0.019255112920422507
2024-08-30 04:36:00,0.0008238829116991,0.006281501405447271
2024-08-30 04:37:00,0.0008238829116991,0.0035985509353493915
2024-08-30 04:38:00,0.0008238829116991,0.004769940081522161
2024-08-30 04:39:00,0.0008238829116991,0.004769940081522161
2024-08-30 04:40:00,0.0008238829116991,0.004769940081522161
2024-08-30 04:41:00,0.0032228360957642,0.004769940081522161
2024-08-30 04:42:00,0.0008238829116991,0.0074728315550099235
2024-08-30 04:43:00,0.0008238829116991,0.0023720327676652188
2024-08-30 04:44:00,0.0008238829116991,0.004858422943148628
2024-08-30 04:45:00,0.0102258408452069,0.004769940081522161
2024-08-30 04:46:00,0.0008238829116991,0.005759668508287258
2024-08-30 04:47:00,0.0008238829116991,0.0023186246001744297
2024-08-30 04:48:00,0.0008238829116991,0.15651436948725425
2024-08-30 04:49:00,0.0008238829116991,0.004769940081522161
2024-08-30 04:50:00,0.0008238829116991,0.004769940081522161
2024-08-30 04:51:00,0.0008238829116991,0.004769940081522161
2024-08-30 04:52:00,0.0008238829116991,0.004769940081522161
2024-08-30 04:53:00,0.0008238829116991,0.004769940081522161
2024-08-30 04:54:00,0.0008238829116991,0.004769940081522161
2024-08-30 04:55:00,0.0008238829116991,0.004769940081522161
2024-08-30 04:56:00,0.0008238829116991,0.004769940081522161
2024-08-30 04:57:00,0.0008238829116991,0.004769940081522161
2024-08-30 04:58:00,0.0008238829116991,0.004769940081522161
2024-08-30 04:59:00,0.0008238829116991,0.004769940081522161
2024-08-30 05:00:00,0.0008238829116991,0.004769940081522161
2024-08-30 05:01:00,0.0008238829116991,0.004769940081522161
2024-08-30 05:02:00,0.0008238829116991,0.004769940081522161
2024-08-30 05:03:00,0.0125036347775516,0.004769940081522161
2024-08-30 05:04:00,0.9630948919259474,0.0010818309586119652
2024-08-30 05:05:00,0.0142967917030144,0.0431166703014442
2024-08-30 05:06:00,0.0008238829116991,0.07505306775225346
2024-08-30 05:07:00,0.0008238829116991,0.20583787680527277
2024-08-30 05:08:00,0.0091111757293786,0.0032269555103227347
2024-08-30 05:09:00,0.0008238829116991,0.02230675099350578
2024-08-30 05:10:00,0.0007027236599786,0.0030293932344673453
2024-08-30 05:11:00,0.0008238829116991,0.0693700930503053
2024-08-30 05:12:00,0.0250315014054473,0.0015144968093313946
2024-08-30 05:13:00,0.0008238829116991,0.005748982262285495
2024-08-30 05:14:00,0.0008238829116991,0.03370771542114948
2024-08-30 05:15:00,0.0008238829116991,0.06682217456624995
2024-08-30 05:16:00,0.0008238829116991,0.004769940081522161
2024-08-30 05:17:00,0.0018658524764951,0.004769940081522161
2024-08-30 05:18:00,0.0008238829116991,0.0022427253071689774
2024-08-30 05:19:00,0.0008238829116991,0.009330831931820043
2024-08-30 05:20:00,0.0062760492391198,0.04580635460862176
2024-08-30 05:21:00,0.0008238829116991,0.001998026205644665
2024-08-30 05:22:00,0.0008238829116991,0.003942738096461899
2024-08-30 05:23:00,0.0076088010080449,0.00540026199245807
2024-08-30 05:24:00,0.0093777260831637,0.01735267034990782
2024-08-30 05:25:00,0.0008238829116991,0.012451778617815197
2024-08-30 05:26:00,0.0008238829116991,0.005538722496849816
2024-08-30 05:27:00,0.0008238829116991,0.0019484830861684265
2024-08-30 05:28:00,0.0008238829116991,0.004769940081522161
2024-08-30 05:29:00,0.0008238829116991,0.004769940081522161
2024-08-30 05:30:00,0.0008238829116991,0.004769940081522161
2024-08-30 05:31:00,0.0008238829116991,0.004769940081522161
2024-08-30 05:32:00,0.0008238829116991,0.004769940081522161
2024-08-30 05:33:00,0.0008238829116991,0.004769940081522161
2024-08-30 05:34:00,0.0008238829116991,0.004769940081522161
2024-08-30 05:35:00,0.3073325579141223,0.004769940081522161
2024-08-30 05:36:00,0.0012842880682368,0.009621680236502802
2024-08-30 05:37:00,0.0008238829116991,0.16488487447901515
2024-08-30 05:38:00,0.0008238829116991,0.05135044101967627
2024-08-30 05:39:00,0.0008238829116991,0.012416414069744782
2024-08-30 05:40:00,0.0008238829116991,0.004769940081522161
2024-08-30 05:42:00,0.0008238829116991,0.004769940081522161
2024-08-30 05:43:00,0.0018658524764951,0.004769940081522161
2024-08-30 05:44:00,0.0008238829116991,0.0022427253071689774
2024-08-30 05:45:00,0.0008238829116991,0.009330831931820043
2024-08-30 05:46:00,0.0008238829116991,0.04580635460862176
2024-08-30 05:47:00,0.0018658524764951,0.004769940081522161
2024-08-30 05:48:00,0.0008238829116991,0.0022427253071689774
2024-08-30 05:49:00,0.0018658524764951,0.009330831931820043
2024-08-30 05:50:00,0.0008238829116991,0.00100854374656712
2024-08-30 05:51:00,0.0008238829116991,0.009330831931820043
2024-08-30 05:52:00,0.0008238829116991,0.04580635460862176
2024-08-30 05:53:00,0.0008238829116991,0.004769940081522161
2024-08-30 05:54:00,0.0008238829116991,0.004769940081522161
2024-08-30 05:55:00,0.0008238829116991,0.004769940081522161
2024-08-30 05:56:00,0.0008238829116991,0.004769940081522161
2024-08-30 05:57:00,0.0059125714839585,0.004769940081522161
2024-08-30 05:58:00,0.0008238829116991,0.0037398872411230134
2024-08-30 05:59:00,0.0008238829116991,0.004084957313130442
2024-08-30 06:00:00,0.0008238829116991,0.005749493583175197
2024-08-30 06:01:00,0.0008238829116991,0.004769940081522161
2024-08-30 06:02:00,0.0008238829116991,0.004769940081522161
2024-08-30 06:03:00,0.0008238829116991,0.004769940081522161
2024-08-30 06:04:00,0.0008238829116991,0.004769940081522161
2024-08-30 06:05:00,0.0008238829116991,0.004769940081522161
2024-08-30 06:06:00,0.0008238829116991,0.004769940081522161
2024-08-30 06:07:00,0.0018658524764951,0.004769940081522161
2024-08-30 06:08:00,0.0008238829116991,0.0022427253071689774
2024-08-30 06:09:00,0.0008238829116991,0.009330831931820043
2024-08-30 06:11:00,0.0008238829116991,0.04580635460862176
2024-08-30 06:12:00,0.0008238829116991,0.004769940081522161
2024-08-30 06:13:00,0.0008238829116991,0.004769940081522161
2024-08-30 06:15:00,0.0008238829116991,0.004769940081522161
2024-08-30 06:16:00,0.0008238829116991,0.004769940081522161
2024-08-30 06:17:00,0.0008238829116991,0.004769940081522161
2024-08-30 06:18:00,0.0008238829116991,0.004769940081522161
2024-08-30 06:19:00,0.0018658524764951,0.004769940081522161
2024-08-30 06:20:00,0.0155568479209072,0.0022427253071689774
2024-08-30 06:21:00,0.0008238829116991,0.019076069836192647
2024-08-30 06:22:00,0.0008238829116991,0.010709629737326682
2024-08-30 06:23:00,0.0008238829116991,0.0029035208878549663
2024-08-30 06:24:00,0.0140060094988853,0.004769940081522161
2024-08-30 06:25:00,0.0008238829116991,0.018609091790248986
2024-08-30 06:26:00,0.0008238829116991,0.04564396142289422
2024-08-30 06:27:00,0.0008238829116991,0.003736720946011401
2024-08-30 06:28:00,0.0552970824852185,0.004769940081522161
2024-08-30 06:29:00,0.0008238829116991,0.001535330037801648
2024-08-30 06:30:00,0.0008238829116991,0.01600774207618492
2024-08-30 06:31:00,0.001332751768925,0.0035780750218086296
2024-08-30 06:32:00,0.0008238829116991,0.011765330488818296
2024-08-30 06:33:00,0.0008238829116991,0.00731738030455035
2024-08-30 06:34:00,0.0008238829116991,0.012373160216880577
2024-08-30 06:35:00,0.0008238829116991,0.004769940081522161
2024-08-30 06:36:00,0.0008238829116991,0.004769940081522161
2024-08-30 06:37:00,0.0008238829116991,0.004769940081522161
2024-08-30 06:38:00,0.0038528642047106,0.004769940081522161
2024-08-30 06:39:00,0.0008238829116991,0.0036918414761312646
2024-08-30 06:40:00,0.0008238829116991,0.002311510701191202
2024-08-30 06:41:00,0.0008238829116991,0.0032804838322598572
2024-08-30 06:42:00,0.0008238829116991,0.004769940081522161
2024-08-30 06:43:00,0.0008238829116991,0.004769940081522161
2024-08-30 06:44:00,0.0008238829116991,0.004769940081522161
2024-08-30 06:45:00,0.0008238829116991,0.004769940081522161
2024-08-30 06:46:00,0.0008238829116991,0.004769940081522161
2024-08-30 06:47:00,0.0008238829116991,0.004769940081522161
2024-08-30 06:48:00,0.0008238829116991,0.004769940081522161
2024-08-30 06:49:00,0.0008238829116991,0.004769940081522161
2024-08-30 06:50:00,0.0008238829116991,0.004769940081522161
2024-08-30 06:51:00,0.0008238829116991,0.004769940081522161
2024-08-30 06:52:00,0.0008238829116991,0.004769940081522161
2024-08-30 06:53:00,0.0008238829116991,0.004769940081522161
2024-08-30 06:54:00,0.0008238829116991,0.004769940081522161
2024-08-30 06:55:00,0.0008238829116991,0.004769940081522161
2024-08-30 06:56:00,0.0008238829116991,0.004769940081522161
2024-08-30 06:57:00,0.0008238829116991,0.004769940081522161
2024-08-30 06:58:00,0.0008238829116991,0.004769940081522161
2024-08-30 06:59:00,0.0008238829116991,0.004769940081522161
2024-08-30 07:00:00,0.0008238829116991,0.004769940081522161
2024-08-30 07:01:00,0.0018658524764951,0.004769940081522161
2024-08-30 07:02:00,0.0127944169816807,0.0022427253071689774
2024-08-30 07:03:00,0.0018658524764951,0.003952305660560205
2024-08-30 07:04:00,0.0008238829116991,0.02904136376853728
2024-08-30 07:05:00,0.0008238829116991,0.0044716245032470165
2024-08-30 07:06:00,0.0008238829116991,0.04580635460862176
2024-08-30 07:07:00,0.0103470000969274,0.004769940081522161
2024-08-30 07:08:00,0.0008238829116991,0.025315135213724926
2024-08-30 07:09:00,0.0008238829116991,0.005592347581661276
2024-08-30 07:10:00,0.0108558689541533,0.032593050305321225
2024-08-30 07:11:00,0.0144906465057671,0.007624309392265146
2024-08-30 07:12:00,0.0059125714839585,0.011520245710962424
2024-08-30 07:13:00,0.0008238829116991,0.15566189299214905
2024-08-30 07:14:00,0.0008238829116991,0.005062518173887726
2024-08-30 07:15:00,0.001332751768925,0.005749493583175197
2024-08-30 07:16:00,0.0008238829116991,0.011765330488818296
2024-08-30 07:17:00,0.0008238829116991,0.00731738030455035
2024-08-30 07:19:00,0.0008238829116991,0.012373160216880577
2024-08-30 07:20:00,0.0018658524764951,0.004769940081522161
2024-08-30 07:21:00,0.0018658524764951,0.0022427253071689774
2024-08-30 07:22:00,0.0008238829116991,0.20948365319769155
2024-08-30 07:23:00,0.0008238829116991,0.0008319702917514437
2024-08-30 07:24:00,0.0008238829116991,0.04580635460862176
2024-08-30 07:25:00,0.0008238829116991,0.004769940081522161
2024-08-30 07:26:00,0.0008238829116991,0.004769940081522161
2024-08-30 07:27:00,0.0008238829116991,0.004769940081522161
2024-08-30 07:28:00,0.0008238829116991,0.004769940081522161
2024-08-30 07:29:00,0.0008238829116991,0.004769940081522161
2024-08-30 07:30:00,0.0018658524764951,0.004769940081522161
2024-08-30 07:31:00,0.0059610351846467,0.0022427253071689774
2024-08-30 07:32:00,0.0008238829116991,0.0909763987044492
2024-08-30 07:33:00,0.0008238829116991,0.0018770158067191777
2024-08-30 07:34:00,0.0008238829116991,0.0057855384605620345
2024-08-30 07:35:00,0.0008238829116991,0.004769940081522161
2024-08-30 07:36:00,0.0008238829116991,0.004769940081522161
2024-08-30 07:37:00,0.0008238829116991,0.004769940081522161
2024-08-30 07:38:00,0.0014781428709896,0.004769940081522161
2024-08-30 07:39:00,0.0008238829116991,0.005012614608488167
2024-08-30 07:40:00,0.0008238829116991,0.0029721592349390507
2024-08-30 07:41:00,0.0008238829116991,0.0119932177126788
2024-08-30 07:42:00,0.0008238829116991,0.004769940081522161
2024-08-30 07:43:00,0.0008238829116991,0.004769940081522161
2024-08-30 07:44:00,0.0008238829116991,0.004769940081522161
2024-08-30 07:45:00,0.0008238829116991,0.004769940081522161
2024-08-30 07:46:00,0.0008238829116991,0.004769940081522161
2024-08-30 07:47:00,0.0008238829116991,0.004769940081522161
2024-08-30 07:48:00,0.0008238829116991,0.004769940081522161
2024-08-30 07:49:00,0.0008238829116991,0.004769940081522161
2024-08-30 07:50:00,0.0008238829116991,0.004769940081522161
2024-08-30 07:51:00,0.0008238829116991,0.004769940081522161
2024-08-30 07:52:00,0.0008238829116991,0.004769940081522161
2024-08-30 07:53:00,0.0008238829116991,0.004769940081522161
2024-08-30 07:54:00,0.0008238829116991,0.004769940081522161
2024-08-30 07:55:00,0.0008238829116991,0.004769940081522161
2024-08-30 07:56:00,0.0008238829116991,0.004769940081522161
2024-08-30 07:57:00,0.0008238829116991,0.004769940081522161
2024-08-30 07:58:00,0.0008238829116991,0.004769940081522161
2024-08-30 07:59:00,0.0008238829116991,0.004769940081522161
2024-08-30 08:00:00,0.0143694872540467,0.004769940081522161
2024-08-30 08:01:00,0.0116070563148202,0.020734346224677604
2024-08-30 08:02:00,0.0008238829116991,0.033885092565668316
2024-08-30 08:03:00,0.4841766017253077,0.03687584811476202
2024-08-30 08:04:00,0.0007027236599786,0.27670895124551703
2024-08-30 08:05:00,0.0008238829116991,0.02186851798003285
2024-08-30 08:06:00,0.0007027236599786,0.007880409760589279
2024-08-30 08:07:00,0.0008238829116991,0.008976432478820465
2024-08-30 08:08:00,0.0008238829116991,0.0015144968093313946
2024-08-30 08:09:00,0.0451197053406998,0.008790431844309636
2024-08-30 08:10:00,0.0071968595521954,0.001965687699912725
2024-08-30 08:11:00,0.0008238829116991,0.0287701124357856
2024-08-30 08:12:00,0.0008238829116991,0.0362072307841426
2024-08-30 08:13:00,0.0062760492391198,0.002887494403596427
2024-08-30 08:14:00,0.0008238829116991,0.001998026205644665
2024-08-30 08:15:00,0.0008238829116991,0.003942738096461899
2024-08-30 08:16:00,0.0008238829116991,0.00540026199245807
2024-08-30 08:17:00,0.0008238829116991,0.004769940081522161
2024-08-30 08:18:00,0.0008238829116991,0.004769940081522161
2024-08-30 08:19:00,0.0008238829116991,0.004769940081522161
2024-08-30 08:20:00,0.0125036347775516,0.004769940081522161
2024-08-30 08:21:00,0.0008238829116991,0.0010818309586119652
2024-08-30 08:22:00,0.0008238829116991,0.01288516526121929
2024-08-30 08:23:00,0.0060337307356789,0.00824858849471746
2024-08-30 08:24:00,0.0008238829116991,0.0034442586669250863
2024-08-30 08:25:00,0.0008238829116991,0.004706473984643478
2024-08-30 08:26:00,0.0008238829116991,0.0055000180296505
2024-08-30 08:27:00,0.0008238829116991,0.004769940081522161
2024-08-30 08:28:00,0.0062760492391198,0.004769940081522161
2024-08-30 08:29:00,0.0008238829116991,0.001998026205644665
2024-08-30 08:30:00,0.0008238829116991,0.003942738096461899
2024-08-30 08:31:00,0.0008238829116991,0.00540026199245807
2024-08-30 08:32:00,0.0008238829116991,0.004769940081522161
2024-08-30 08:33:00,0.0137636909954444,0.004769940081522161
2024-08-30 08:34:00,0.0008238829116991,0.008562808956091836
2024-08-30 08:35:00,0.0008238829116991,0.01565050402248709
2024-08-30 08:36:00,0.0521711737908306,0.00437014151400597
2024-08-30 08:37:00,0.0008238829116991,0.001551201899777029
2024-08-30 08:38:00,0.0008238829116991,0.007516780556363286
2024-08-30 08:39:00,0.0008238829116991,0.01012424881263929
2024-08-30 08:40:00,0.0008238829116991,0.004769940081522161
2024-08-30 08:41:00,0.0008238829116991,0.004769940081522161
2024-08-30 08:42:00,0.0175438596491228,0.004769940081522161
2024-08-30 08:43:00,0.0008238829116991,0.0042776485412425545
2024-08-30 08:44:00,0.0008238829116991,0.007530653290685207
2024-08-30 08:45:00,0.0008238829116991,0.030689396142289313
2024-08-30 08:46:00,0.0087961616749054,0.004769940081522161
2024-08-30 08:47:00,0.0008238829116991,0.07578159833284842
2024-08-30 08:48:00,0.0008238829116991,0.001147983910051336
2024-08-30 08:49:00,0.0008238829116991,0.011933338179703344
2024-08-30 08:50:00,0.0008238829116991,0.004769940081522161
2024-08-30 08:51:00,0.0008238829116991,0.004769940081522161
2024-08-30 08:52:00,0.0008238829116991,0.004769940081522161
2024-08-30 08:53:00,0.0008238829116991,0.004769940081522161
2024-08-30 08:54:00,0.0561209653969177,0.004769940081522161
2024-08-30 08:55:00,0.0008238829116991,0.001535330037801648
2024-08-30 08:56:00,0.0008238829116991,0.014950264127168746
2024-08-30 08:57:00,0.0008238829116991,0.0035780750218086296
2024-08-30 08:58:00,0.0008238829116991,0.004769940081522161
2024-08-30 08:59:00,0.0008238829116991,0.004769940081522161
2024-08-30 09:00:00,0.0008238829116991,0.004769940081522161
2024-08-30 09:01:00,0.0008238829116991,0.004769940081522161
2024-08-30 09:02:00,0.0943951730154114,0.004769940081522161
2024-08-30 09:03:00,0.0008238829116991,0.002122225453135567
2024-08-30 09:04:00,0.0008238829116991,0.0017422700397402042
2024-08-30 09:05:00,0.0008238829116991,0.016748388581951986
2024-08-30 09:06:00,0.1935034409227488,0.004769940081522161
2024-08-30 09:07:00,0.0008238829116991,0.005215663468062352
2024-08-30 09:08:00,0.0008238829116991,0.0032727537074730656
2024-08-30 09:09:00,0.0008238829116991,0.004880240137636872
2024-08-30 09:10:00,0.0008238829116991,0.004769940081522161
2024-08-30 09:11:00,0.0062760492391198,0.004769940081522161
2024-08-30 09:12:00,0.0008238829116991,0.001998026205644665
2024-08-30 09:13:00,0.0060821944363671,0.003942738096461899
2024-08-30 09:14:00,0.0008238829116991,0.005431484443152056
2024-08-30 09:15:00,0.0008238829116991,0.0047965303102333896
2024-08-30 09:16:00,0.0008238829116991,0.0055461970130205275
2024-08-30 09:17:00,0.0008238829116991,0.004769940081522161
2024-08-30 09:18:00,0.0008238829116991,0.004769940081522161
2024-08-30 09:19:00,0.0062760492391198,0.004769940081522161
2024-08-30 09:20:00,0.0008238829116991,0.001998026205644665
2024-08-30 09:21:00,0.0008238829116991,0.003942738096461899
2024-08-30 09:22:00,0.0008238829116991,0.00540026199245807
2024-08-30 09:23:00,0.8255670252980518,0.004769940081522161
2024-08-30 09:24:00,0.0008238829116991,0.09066407385867988
2024-08-30 09:25:00,0.0008238829116991,0.04593983231559557
2024-08-30 09:26:00,0.0008238829116991,0.008274177328680778
2024-08-30 09:27:00,0.0008238829116991,0.004769940081522161
2024-08-30 09:28:00,0.0008238829116991,0.004769940081522161
2024-08-30 09:29:00,0.0102743045458951,0.004769940081522161
2024-08-30 09:30:00,0.0008238829116991,0.01222169719879806
2024-08-30 09:31:00,0.0008238829116991,0.003297227876320591
2024-08-30 09:32:00,0.0008238829116991,0.11225198701172838
2024-08-30 09:33:00,0.0008238829116991,0.004769940081522161
2024-08-30 09:34:00,0.0008238829116991,0.004769940081522161
2024-08-30 09:35:00,0.0008238829116991,0.004769940081522161
2024-08-30 09:36:00,0.0008238829116991,0.004769940081522161
2024-08-30 09:37:00,0.0008238829116991,0.004769940081522161
2024-08-30 09:38:00,0.0144179509547349,0.004769940081522161
2024-08-30 09:39:00,0.0056702529805175,0.02137091693321692
2024-08-30 09:40:00,0.0008238829116991,0.08621601482989245
2024-08-30 09:41:00,0.0122128525734225,0.004264321023553324
2024-08-30 09:42:00,0.0059125714839585,0.0743178734128137
2024-08-30 09:43:00,0.0008238829116991,0.007191558834932586
2024-08-30 09:44:00,0.0149510516623049,0.00845733982746918
2024-08-30 09:45:00,0.0008238829116991,0.023138266938063354
2024-08-30 09:46:00,0.0018658524764951,0.006281501405447271
2024-08-30 09:47:00,0.0008238829116991,0.022084544925850477
2024-08-30 09:48:00,0.0008238829116991,0.009330831931820043
2024-08-30 09:49:00,0.0140544731995735,0.04580635460862176
2024-08-30 09:50:00,0.0008238829116991,0.018609091790248986
2024-08-30 09:51:00,0.0018658524764951,0.04276461180575739
2024-08-30 09:52:00,0.0008238829116991,0.012095267519627757
2024-08-30 09:53:00,0.0099108267907337,0.009330831931820043
2024-08-30 09:54:00,0.0008238829116991,0.002031961810603827
2024-08-30 09:55:00,0.0008238829116991,0.001768440438111819
2024-08-30 09:56:00,0.0008238829116991,0.001110182223514552
2024-08-30 09:57:00,0.0008238829116991,0.004769940081522161
2024-08-30 09:58:00,0.0008238829116991,0.004769940081522161
2024-08-30 09:59:00,0.00947465348454,0.004769940081522161
2024-08-30 10:00:00,0.0008238829116991,0.0008950033924590132
2024-08-30 10:01:00,0.0008238829116991,0.015486686617556762
2024-08-30 10:03:00,0.0008238829116991,0.001080861684598201
2024-08-30 10:04:00,0.0062760492391198,0.004769940081522161
2024-08-30 10:05:00,0.0008238829116991,0.001998026205644665
2024-08-30 10:06:00,0.0008238829116991,0.003942738096461899
2024-08-30 10:07:00,0.0003877096055054,0.00540026199245807
2024-08-30 10:08:00,0.0008238829116991,0.006810494490696325
2024-08-30 10:09:00,0.0008238829116991,0.0052365671443044106
2024-08-30 10:10:00,0.0059125714839585,0.007966597696142861
2024-08-30 10:11:00,0.0018658524764951,0.0037398872411230134
2024-08-30 10:12:00,0.0008238829116991,0.010309759445036768
2024-08-30 10:13:00,0.0008238829116991,0.0023916273764521528
2024-08-30 10:14:00,0.020233595037317,0.04580635460862176
2024-08-30 10:15:00,0.0008238829116991,0.004495735194339389
2024-08-30 10:16:00,0.0008238829116991,0.013876914316177125
2024-08-30 10:17:00,0.0038528642047106,0.10999164001163148
2024-08-30 10:18:00,0.0008238829116991,0.0036918414761312646
2024-08-30 10:19:00,0.0014781428709896,0.002311510701191202
2024-08-30 10:20:00,0.0008238829116991,0.009817156265433342
2024-08-30 10:21:00,0.0008238829116991,0.0029721592349390507
2024-08-30 10:22:00,0.0008238829116991,0.0119932177126788
2024-08-30 10:23:00,0.0038528642047106,0.004769940081522161
2024-08-30 10:24:00,0.010516623049336,0.0036918414761312646
2024-08-30 10:25:00,0.0103712319472714,0.01263981777648536
2024-08-30 10:26:00,0.0008238829116991,0.007503998255306739
